id;question_id;constats;severite;raison;action_recommandee;livrable_attendu;echeance
debt_dependances_next_auth;question_dependances;DEP-01;high;next 16.2.4 et next-auth 5.0.0-beta.31 portent des avis critiques et hauts (contournement du proxy, SSRF, déni de service, contrôle d'authentification qui échoue en mode ouvert).;"Mettre à jour next vers 16.3.5 (ou au minimum 16.2.12), next-auth vers 5.0.0-beta.32 et @auth/prisma-adapter vers 2.11.3 ; relancer tests unitaires, e2e et pnpm audit.";annexes/pnpm-audit-apres-correctif.md;2026-09-19
debt_limitation_debit_prod;question_anti_abus;SRV-01 | SRV-11;medium;"Sans Upstash en production, les limites sont par instance serverless et contournables ; en cas de panne Redis le limiteur bascule en mémoire.";"Vérifier les variables UPSTASH_REDIS_REST_* dans Vercel ; les rendre obligatoires en production dans lib/env.ts ; refuser (fail-closed) connexion, réinitialisation et e-mails si Redis est indisponible ; rendre l'incrément atomique (SET NX PX).";Capture des variables Vercel (noms seulement) + commit;2026-09-26
debt_rls_supabase;question_donnees_secrets;SRV-04;medium;Aucune table n'a la RLS activée : si l'API de données Supabase est exposée, la clé anon permet de lire les tables User et OneTimeToken.;"Consulter le Security Advisor de Supabase ; ajouter une migration ALTER TABLE … ENABLE ROW LEVEL SECURITY sur toutes les tables (sans politique, Prisma n'est pas bloqué) ou désactiver l'API de données.";Capture du Security Advisor sans alerte + migration;2026-09-26
debt_integrite_progression;question_integrite_progression;EXE-01;medium;Le serveur accorde étapes, XP, badges et place au classement sur simple déclaration du navigateur, sans limite de débit.;"Limite de débit par utilisateur sur /api/me/step (ex. 60/min) ; exiger que l'étape précédente soit validée ; à terme, envoyer le code et rejouer côté serveur les validateurs statiques.";Commit + test e2e « triche refusée »;2026-10-03
debt_revocation_sessions;question_authentification;SRV-03;medium;Les sessions JWT durent 30 jours et restent valides après une réinitialisation de mot de passe.;"Ajouter sessionVersion (ou passwordChangedAt) en base, l'inclure dans le jeton et le revérifier dans le callback jwt ; réduire maxAge à 7 jours.";Commit + test unitaire;2026-10-03
debt_test_restauration;question_sauvegardes;BCK-01;medium;La sauvegarde existe mais aucune restauration n'a été testée ni documentée.;Restaurer la dernière sauvegarde dans un PostgreSQL local (docker) et consigner date, durée, volume et résultat.;note-test-restauration.md;2026-10-03
debt_csp_stricte;question_protections_web;EXE-03;medium;La CSP autorise 'unsafe-inline' et 'unsafe-eval' dans toute l'application pour faire fonctionner le bac à sable.;Servir le bac à sable depuis un sous-domaine dédié avec sa propre CSP (ticket CF-15), puis passer l'application à une CSP à nonce sans unsafe-eval.;Note Observatory A ou mieux;2026-10-31
debt_redirection_ouverte;question_protections_web;SRV-06;low;/avatar?from= redirige vers n'importe quelle URL après l'enregistrement.;Réutiliser le filtre de la page de connexion (chemin commençant par « / » et pas par « // »).;Commit + test unitaire;2026-09-26
debt_garde_chapitre;question_controle_acces;SRV-10;low;La page d'un chapitre n'appelle pas auth() et dépend du seul proxy, visé par plusieurs avis de contournement sur next 16.2.4.;Ajouter auth() puis redirect dans app/learn/[course]/[chapter]/page.tsx pour les chapitres hors essai.;Commit;2026-09-26
debt_indices_html;question_isolation_code;EXE-04 | EXE-06;low;"Les indices sont injectés en HTML brut (dangerouslySetInnerHTML) ; escapeHtml n'échappe pas les guillemets.";"Rendre step.hint en texte ou via renderLessonMarkdown ; compléter escapeHtml.";Commit;2026-09-26
debt_enumeration_comptes;question_authentification;SRV-05 | SRV-07;low;L'inscription révèle qu'une adresse est déjà utilisée, les temps de réponse diffèrent, et aucun compteur d'échecs n'existe par compte.;Message neutre à l'inscription, comparaison bcrypt factice dans authorize, envoi des e-mails via after(), compteur d'échecs par e-mail.;Commit;2026-10-31
debt_boucles_infinies;question_isolation_code;EXE-02;low;Une boucle infinie en JS, SQL ou HTML fige l'onglet : le délai de 3 s tourne dans le même thread.;"Exécuter JS et SQL dans un Web Worker terminé à l'expiration du délai ; appliquer detecterBoucleInfinie au cursus JS.";Commit + test e2e;2026-10-31
debt_csrf_suppression;question_protections_web;SRV-09;low;"Les routes POST et DELETE ne vérifient pas l'en-tête Origin ; la suppression de compte ne redemande pas le mot de passe.";"Contrôle Origin commun à /api/me/* ; demander le mot de passe avant DELETE /api/me.";Commit;2026-10-31
debt_signalement_failles;question_supervision;SUP-01 | SRV-11;low;"Pas de canal de signalement de faille ; le jeton de vérification est dans l'URL (journalisé en cas d'erreur, consommé par un simple GET).";"Publier /.well-known/security.txt ; consommer le jeton de vérification sur un POST de confirmation.";public/.well-known/security.txt;2026-10-31
