id;question_id;titre;categorie;sensibilite;statut;force;format_recommande;export;fichier;uri;hash_document;systeme_source;proprietaire;date_observation;date_expiration;perimetre;validateur;resultat_controle;version;historique
evidence_sandbox_iframe;question_isolation_code;Bac à sable d'exécution JavaScript;vulnerability-management;internal;available;strong;Extrait de code source;exportable;run-js.ts;git://48b1627/lib/sandbox/run-js.ts;sha256:1c37a749571b42acad6e41a2345e1d34b821b979a9557ea68386929e7d023881;Dépôt Git, commit 48b1627;Joan;2026-09-12T00:00:00.000Z;;Application de production;Joan (auto-evaluation assistee);Isolation conforme : origine opaque, aucun accès à la session;2026-09-12;2026-09-12: preuve relevee pendant l'audit
evidence_pas_execution_serveur;question_isolation_code;Schéma d'entrée de la route de progression;vulnerability-management;internal;available;strong;Extrait de code source;exportable;route.ts;git://48b1627/app/api/me/step/route.ts;sha256:ad717510efa6c7c8a40fae490e32fb1d62e977342622eada8a0737c9bde7fc22;Dépôt Git, commit 48b1627;Joan;2026-09-12T00:00:00.000Z;;Application de production;Joan (auto-evaluation assistee);Conforme : pas d'exécution côté serveur;2026-09-12;2026-09-12: preuve relevee pendant l'audit
evidence_route_progression;question_integrite_progression;Attribution des étapes et de l'XP;access-control;internal;available;medium;Extrait de code source;exportable;me-server.ts;git://48b1627/lib/me-server.ts;sha256:c2efc9b364d3bfb12ce74bf08c351fabe036abeed564ce59e09345695fa41e9b;Dépôt Git, commit 48b1627;Joan;2026-09-12T00:00:00.000Z;;Application de production;Joan (auto-evaluation assistee);Contrôle partiel : aucune preuve de réussite exigée;2026-09-12;2026-09-12: preuve relevee pendant l'audit
evidence_hachage_bcrypt;question_authentification;Hachage des mots de passe;access-control;internal;available;strong;Extrait de code source;exportable;route.ts;git://48b1627/app/api/signup/route.ts;sha256:9311ffb6add9948c2249e436290465ef07ede45c91b508eb4a8d466737aa9e17;Dépôt Git, commit 48b1627;Joan;2026-09-12T00:00:00.000Z;;Application de production;Joan (auto-evaluation assistee);Conforme;2026-09-12;2026-09-12: preuve relevee pendant l'audit
evidence_jetons_hash;question_authentification;Jetons de vérification et de réinitialisation;access-control;internal;available;strong;Extrait de code source;exportable;token-crypto.ts;git://48b1627/lib/token-crypto.ts;sha256:85213e3e4ef1c45c1ddb5018268243bce6f95b30ab4d05d1e6ff363cb9629704;Dépôt Git, commit 48b1627;Joan;2026-09-12T00:00:00.000Z;;Application de production;Joan (auto-evaluation assistee);Conforme;2026-09-12;2026-09-12: preuve relevee pendant l'audit
evidence_cookies_session;question_authentification;Cookies de session relevés en production;access-control;public;available;strong;Relevé d'en-têtes HTTP;exportable;en-tetes-http.txt;local://annexes/en-tetes-http.txt;sha256:149869139d7569bf8bc39ceb97315c019a2a9a425b9781a8296473d7dd5753ac;curl sur la production;Joan;2026-09-12T00:00:00.000Z;;Application de production;Joan (auto-evaluation assistee);Conforme;2026-09-12;2026-09-12: preuve relevee pendant l'audit
evidence_carte_routes;question_controle_acces;Carte des routes et contrôles d'accès;access-control;internal;available;strong;Matrice des accès;exportable;carte-des-routes.md;local://annexes/carte-des-routes.md;sha256:bfc0c8702ff71a4e9a073e7c8b0f889051aaf526004d4fa2c83a26a36c83fd90;Relecture du code;Joan;2026-09-12T00:00:00.000Z;;Application de production;Joan (auto-evaluation assistee);Conforme : aucune IDOR relevée;2026-09-12;2026-09-12: preuve relevee pendant l'audit
evidence_limitation_debit;question_anti_abus;Limiteur de débit;vulnerability-management;internal;declared;medium;Extrait de code source;exportable;rate-limit.ts;git://48b1627/lib/rate-limit.ts;sha256:579e68c3628e881e1b8fcb0a2495a20ccf44fc3eb0f6b42b7c02fdc08b1e2093;Dépôt Git, commit 48b1627;Joan;2026-09-12T00:00:00.000Z;;Application de production;Joan (auto-evaluation assistee);"Implémenté ; backend Redis de production non confirmé";2026-09-12;2026-09-12: preuve relevee pendant l'audit
evidence_entetes_config;question_protections_web;Configuration des en-têtes de sécurité;vulnerability-management;internal;available;strong;Extrait de code source;exportable;next.config.ts;git://48b1627/next.config.ts;sha256:88bea9232c88ca5ca3c703b4dd14dceb677cdae4b4778ca0d6e4276875a2370c;Dépôt Git, commit 48b1627;Joan;2026-09-12T00:00:00.000Z;;Application de production;Joan (auto-evaluation assistee);Conforme, CSP permissive (unsafe-inline, unsafe-eval);2026-09-12;2026-09-12: preuve relevee pendant l'audit
evidence_observatory;question_protections_web;Mozilla Observatory;vulnerability-management;public;available;strong;Rapport JSON de l'outil;exportable;observatory.json;local://annexes/observatory.json;sha256:638bd75ba7a79b1b0cf172b02dd754e34f2a9e766d0bba82a8ebe05532034c18;observatory-api.mdn.mozilla.net;Joan;2026-09-12T00:00:00.000Z;;Application de production;Joan (auto-evaluation assistee);B+ (80/100);2026-09-12;2026-09-12: preuve relevee pendant l'audit
evidence_ssllabs;question_protections_web;Qualys SSL Labs;vulnerability-management;public;available;strong;Rapport JSON de l'outil;exportable;ssllabs.json;local://annexes/ssllabs.json;sha256:cfe76b779aac3848b6c71c5f612234f7009950652f8825006640334aa6c9ac50;api.ssllabs.com;Joan;2026-09-12T00:00:00.000Z;;Application de production;Joan (auto-evaluation assistee);A+ / A;2026-09-12;2026-09-12: preuve relevee pendant l'audit
evidence_zap;question_protections_web;OWASP ZAP (analyse passive);vulnerability-management;public;available;strong;Rapport HTML de l'outil;exportable;zap-baseline.html;local://annexes/zap-baseline.html;sha256:b47ffeba2512209aece8e8080b7cc6402452e6c42f04efd601a5d06e14d3513e;ghcr.io/zaproxy/zaproxy:stable;Joan;2026-09-12T00:00:00.000Z;;Application de production;Joan (auto-evaluation assistee);0 échec / 9 avertissements;2026-09-12;2026-09-12: preuve relevee pendant l'audit
evidence_pnpm_audit;question_dependances;Audit des dépendances (pnpm audit --prod);vulnerability-management;internal;available;strong;Sortie d'outil résumée;exportable;pnpm-audit.md;local://annexes/pnpm-audit.md;sha256:61a124476ddd0797ec3629bfe2d37a4391856535816a960456248a540f9e4c59;pnpm audit;Joan;2026-09-12T00:00:00.000Z;;Application de production;Joan (auto-evaluation assistee);Non conforme : mises à jour requises;2026-09-12;2026-09-12: preuve relevee pendant l'audit
evidence_secrets_git;question_donnees_secrets;Exclusion des secrets du dépôt;data-protection;internal;available;strong;Extrait de code source;exportable;.gitignore;git://48b1627/.gitignore;sha256:7da2984fc3849c29f7e464dd2675364cf48dcbc64fee92d573a599d4bca045b6;Dépôt Git, commit 48b1627;Joan;2026-09-12T00:00:00.000Z;;Application de production;Joan (auto-evaluation assistee);Conforme;2026-09-12;2026-09-12: preuve relevee pendant l'audit
evidence_minimisation_donnees;question_donnees_secrets;Minimisation des données exposées;data-protection;internal;available;strong;Extrait de code source;exportable;route.ts;git://48b1627/app/api/leaderboard/route.ts;sha256:c6a4c52c5bf1c092b29889dc2251407f41e9876cab23f95532bac6ad5a5b4488;Dépôt Git, commit 48b1627;Joan;2026-09-12T00:00:00.000Z;;Application de production;Joan (auto-evaluation assistee);Conforme;2026-09-12;2026-09-12: preuve relevee pendant l'audit
evidence_config_production;question_donnees_secrets;Garde-fous de configuration de production;data-protection;internal;available;strong;Extrait de code source;exportable;env.ts;git://48b1627/lib/env.ts;sha256:3853b2acb75408e2d2acaf8880e019e3cdadb21ca9e9fa48735e37bdff74147a;Dépôt Git, commit 48b1627;Joan;2026-09-12T00:00:00.000Z;;Application de production;Joan (auto-evaluation assistee);Conforme, à compléter pour Upstash;2026-09-12;2026-09-12: preuve relevee pendant l'audit
evidence_sauvegarde;question_sauvegardes;Sauvegarde automatique chiffrée;backup;internal;available;medium;Définition du workflow + note de test de restauration;exportable;backup.yml;git://48b1627/.github/workflows/backup.yml;sha256:45925cf25b3e8df0d788d2ca2e897447035fcd0f91c2369ab296165837b8702c;Dépôt Git, commit 48b1627;Joan;2026-09-12T00:00:00.000Z;;Application de production;Joan (auto-evaluation assistee);"Sauvegarde en place ; restauration non testée";2026-09-12;2026-09-12: preuve relevee pendant l'audit
evidence_sentry;question_supervision;Supervision des erreurs (Sentry);logging-monitoring;internal;available;medium;Extrait de code source;exportable;instrumentation.ts;git://48b1627/instrumentation.ts;sha256:fab310f12a08e3db4bd271735dd7426d7a007a38321bf466e0fa2589b990bfbb;Dépôt Git, commit 48b1627;Joan;2026-09-12T00:00:00.000Z;;Application de production;Joan (auto-evaluation assistee);En place;2026-09-12;2026-09-12: preuve relevee pendant l'audit
evidence_sonde_sante;question_supervision;Sonde de disponibilité;logging-monitoring;internal;available;medium;Extrait de code source;exportable;route.ts;git://48b1627/app/api/health/route.ts;sha256:fcf6a7be0b1760ddba7be6985d5fa57852451ee64c08f9d6ae281f22bd8432c0;Dépôt Git, commit 48b1627;Joan;2026-09-12T00:00:00.000Z;;Application de production;Joan (auto-evaluation assistee);En place;2026-09-12;2026-09-12: preuve relevee pendant l'audit
